Date,Cloud coverage,Visibility,Temperature,Dew point,Relative humidity,Wind speed,Station pressure,Altimeter,Solar energy,(Inverters)
01-02-16,0.10375,9.447916667,3.11375,0.321666667,79.45458333,4.694583333,29.22875,30.01958333,20256,
02-02-16,0.798333333,3.94125,6.9925,6.215416667,93.5975,13.29083333,28.91166667,29.69791667,1761,
03-02-16,0.864583333,8.699583333,1.615,0.022916667,85.00166667,16.72625,29.02666667,29.81458333,2775,
04-02-16,0.372916667,10,-2.4725,-5.88625,74.5225,9.455416667,29.455,30.25458333,28695,
05-02-16,0.515416667,9.206666667,-2.002916667,-4.152083333,82.0275,5.92,29.55083333,30.35125,9517,
06-02-16,0.1325,8.122083333,0.907916667,-1.6175,81.02916667,5.480833333,29.43666667,30.235,26973,
07-02-16,0.204583333,10,4.239166667,0.5375,73.79833333,12.70666667,29.09416667,29.88416667,22365,
08-02-16,0.865,7.83625,-3.33,-5.049583333,83.53166667,14.45833333,28.9575,29.74583333,4995,
09-02-16,0.997083333,6.007083333,-7.80125,-10.39375,78.34416667,17.26958333,29.09458333,29.88666667,6641,
10-02-16,0.245833333,10,-9.719583333,-13.98166667,67.69541667,10.30208333,29.28833333,30.08,20758,
11-02-16,0.340416667,10,-7.637916667,-13.72916667,60.36083333,3.85125,29.47875,30.27833333,30910,
12-02-16,0.621666667,9.210416667,-5.781666667,-9.995,69.76041667,12.42333333,29.45625,30.25625,8105,
13-02-16,0.083333333,10,-10.12208333,-17.76958333,52.32333333,7.437916667,29.73333333,30.535,30358,
14-02-16,1,6.37,-7.29375,-9.986666667,78.47,13.79166667,29.38125,30.17666667,5814,
15-02-16,0.942916667,3.857083333,-2.419166667,-2.68,94.01666667,6.431666667,29.08791667,29.87916667,7570,
16-02-16,0.769583333,6.985,-1.291666667,-2.924166667,87.57,4.925833333,29.07833333,29.86958333,27097,
17-02-16,0.820833333,8.09625,0.098333333,-2.433333333,82.52291667,5.59875,29.44,30.23833333,7571,
18-02-16,0.414583333,7.96,3.437916667,0.32375,78.58375,15.07708333,29.41416667,30.21083333,19145,
19-02-16,0.03625,10,10.03375,4.240833333,65.96875,17.96833333,29.03458333,29.82375,20459,
20-02-16,0.043333333,10,10.54291667,2.919166667,56.86208333,10.75,29.15083333,29.94083333,30380,
21-02-16,0.59625,10,4.855,1.639583333,78.6125,10.26833333,29.28708333,30.08041667,27170,
22-02-16,0.297083333,10,3.015,-0.822083333,74.53333333,7.41625,29.3375,30.13125,26656,
23-02-16,0.069583333,10,3.8475,-1.32,69.81291667,13.39333333,29.19083333,29.9825,26058,
24-02-16,1,4.440416667,0.979583333,-0.485833333,86.895,24.82458333,28.77875,29.56333333,1468,
25-02-16,0.877916667,9.70375,1.288333333,-1.70625,77.65583333,13.35583333,29.20291667,29.995,14633,
26-02-16,0.556666667,10,-0.714166667,-3.638333333,76.75708333,8.21625,29.22291667,30.23625,16864,
27-02-16,0,9.483333333,4.245833333,0.700416667,75.45125,10.82,29.21291667,30.00333333,32570,
28-02-16,0.275,9.990833333,10.59333333,5.467083333,63.22458333,21.01291667,26.93083333,29.68541667,25887,
29-02-16,0.192916667,10,6.674583333,1.489166667,52.64916667,12.14291667,21.42208333,29.94541667,31868,
01-03-16,0.802916667,9.378333333,1.1875,-1.6575,80.88083333,14.02875,29.06791667,29.85833333,4046,
02-03-16,0.48625,9.526666667,-1.426666667,-7.635833333,62.89833333,7.6875,29.34583333,30.14416667,30943,
03-03-16,0.989583333,5.359583333,1.380416667,0.079583333,92.85166667,9.167083333,29.22208333,30.01375,2916,
04-03-16,0.409166667,9.965416667,1.045416667,-2.62625,76.55916667,5.955416667,29.35958333,30.15625,30271,
05-03-16,1,7.415416667,3.880833333,1.295416667,80.86041667,9.462916667,29.34041667,30.13541667,9662,
06-03-16,0.297916667,9.0775,6.546666667,2.27375,72.015,12.97833333,29.33833333,30.13416667,28622,
07-03-16,0.745833333,9.806666667,11.54583333,7.675,76.49166667,11.5675,29.13916667,29.92916667,8605,
08-03-16,0.470833333,10,16.12625,11.74916667,73.05458333,13.53208333,29.14791667,29.93791667,23194,
09-03-16,0.923333333,8.31875,16.22583333,13.82416667,83.36125,10.22375,29.14541667,29.93666667,7561,
10-03-16,0.432916667,9.317916667,9.069583333,7.335416667,67.11875,8.477916667,22.73333333,30.08916667,6044,
11-03-16,0,8.942916667,8.015,5.156666667,80.65666667,7.0875,29.49625,30.29708333,26187,
12-03-16,0.72,5.93875,11.00208333,8.924583333,87.30041667,6.985,29.275,30.06791667,8354,
13-03-16,0.999583333,5.835,14.0375,13.65625,96.33958333,7.185833333,28.94916667,29.7375,6894,
14-03-16,0.970416667,5.395,12.41166667,12.25,94.4075,3.865416667,28.93041667,29.71833333,7270,
15-03-16,0.5575,7.16375,15.69291667,12.90333333,82.21,13.93333333,28.83333333,29.61958333,29735,
16-03-16,0.34625,9.903333333,11.34291667,3.075,58.68291667,19.3825,28.98958333,29.7775,33236,
17-03-16,0.292916667,10,9.182916667,-0.504166667,51.5575,10.8325,29.14,29.93,32029,
18-03-16,0.44125,10,6.329583333,-1.252916667,57.39125,7.770416667,29.28375,30.07583333,26080,
19-03-16,0.884166667,9.99375,5.118333333,0.287083333,69.64083333,7.423333333,29.335,30.12875,13522,
20-03-16,0.713333333,10,4.1375,-2.252916667,62.66041667,10.41208333,29.36458333,30.15958333,22677,
21-03-16,0.074166667,9.96,5.16875,-1.975,60.83958333,9.215833333,29.33791667,30.13291667,34654,
22-03-16,0,9.92,12.42791667,3.265,53.0575,16.93541667,29.01375,29.80208333,29736,
23-03-16,0.56875,10,15.65833333,10.13125,68.05125,16.45416667,28.96208333,29.75208333,18714,
24-03-16,0.94125,8.842083333,9.760833333,7.613333333,84.41125,16.82791667,28.85791667,29.64208333,9741,
25-03-16,0.62625,10,3.06625,-0.309166667,75.97541667,6.352916667,29.27166667,30.06333333,27801,
26-03-16,0.035,9.333333333,8.015,2.83375,69.63125,8.2225,29.30916667,30.10375,36515,
27-03-16,0.445833333,9.245416667,9.493333333,4.849583333,73.05083333,11.6375,29.14375,29.93416667,19152,
28-03-16,0.591666667,10,7.325833333,3.340833333,74.71833333,9.010833333,29.31416667,30.11666667,26108,
29-03-16,0,9.571666667,8.120833333,1.107916667,62.76416667,6.75125,29.44125,30.24041667,37038,
30-03-16,0.66,8.995416667,11.05416667,7.76875,73.71791667,14.45875,27.17125,29.82583333,6266,
31-03-16,0.502916667,9.75125,14.63916667,12.20291667,55.95083333,17.10541667,18.77708333,29.50083333,18860,
01-04-16,0.772916667,9.853333333,7.092916667,4.117916667,79.54708333,11.51541667,28.99833333,29.78708333,19151,
02-04-16,0.352083333,10,3.554583333,-3.316666667,61.20375,20.08291667,29.06208333,29.85125,31243,
03-04-16,0.104166667,10,9.84625,1.474583333,56.58125,16.91333333,29.10291667,29.8925,37546,
04-04-16,0.733333333,9.996666667,4.807083333,-0.332916667,70.15458333,13.78791667,29.34083333,30.13791667,22913,
05-04-16,0.130833333,10,4.529166667,-3.098333333,57.57666667,11.85708333,29.48333333,30.28083333,36095,
06-04-16,0.800416667,8.40625,8.93375,5.40375,78.50041667,15.18083333,28.87458333,29.65916667,3409,
07-04-16,0.85375,9.93625,4.8225,1,75.46166667,14.1025,28.96916667,29.75541667,19602,
08-04-16,0.817916667,9.572916667,3.615833333,0.260416667,78.27083333,16.09291667,29.10708333,29.89833333,13310,
09-04-16,0.198333333,10,0.970833333,-6.312916667,58.67583333,9.5475,29.39666667,30.19416667,39413,
10-04-16,0.899166667,7.7025,7.609583333,4.899583333,82.49875,13.58375,29.08666667,29.87666667,3764,
11-04-16,0.364166667,7.951666667,8.01,3.447083333,70.64,11.29583333,28.61458333,29.98166667,21961,
12-04-16,0,9.96,5.66,-2.000416667,57.98,6.923333333,28.63791667,30.31333333,38978,
13-04-16,0,10,8.908333333,0.625416667,58.23375,7.894166667,29.45625,30.25625,31883,
14-04-16,0,10,12.195,1.768333333,52.895,10.41166667,29.3925,30.19,26024,
15-04-16,0,10,16.00291667,4.58875,48.43125,9.177083333,29.37041667,30.16833333,31522,
16-04-16,0.126666667,9.988333333,18.57416667,7.20625,48.5725,5.845833333,29.45416667,30.25458333,32742,
17-04-16,0,9.998333333,19.31041667,5.559583333,43.14583333,4.743333333,29.53625,30.33625,37976,
18-04-16,0.011666667,9.798333333,19.80583333,6.432916667,43.015,4.07,29.46083333,30.26083333,34518,
19-04-16,0,9.998333333,19.44791667,7.8225,47.83833333,5.716666667,29.34791667,30.14166667,19283,
20-04-16,0.7625,9.3075,16.195,11.63791667,74.05083333,9.895833333,29.22583333,30.01625,14632,
21-04-16,0.712916667,7.740416667,15.84125,13.6825,84.73416667,5.137083333,29.055,29.845,18199,
22-04-16,0.454583333,8.69125,12.67916667,9.571666667,81.25166667,9.89625,29.21166667,30.00666667,34696,
23-04-16,0.180416667,9.899583333,12.14375,6.82,68.22625,5.910833333,29.31708333,30.11041667,30854,
24-04-16,0.224166667,7.4975,17.16666667,10.36458333,65.18916667,10.06791667,29.15125,29.9425,35230,
25-04-16,0.432916667,10,22.02875,13.30583333,56.67458333,13.70458333,28.9675,29.75625,28496,
26-04-16,0.39625,9.2375,18.01541667,12.99708333,72.13125,10.82958333,28.99416667,29.785,11678,
27-04-16,0.965833333,5.27625,13.74041667,11.61041667,87.52333333,14.7225,28.98416667,29.77583333,6866,
28-04-16,0.799583333,7.483333333,14.73666667,12.27833333,85.99375,5.986666667,29.06958333,29.86041667,14840,
29-04-16,0.564583333,6.398333333,11.46083333,8.902083333,79.145,6.662916667,27.32375,30.05583333,17818,
30-04-16,0.86125,3.058333333,12.8575,12.21541667,88.27708333,10.17375,26.90541667,29.8825,3219,
01-05-16,0.971666667,4.3475,13.40625,12.30583333,93.85625,7.49125,29.13083333,29.92333333,15317,
02-05-16,0.832083333,8.465833333,10.64208333,8.382916667,83.44875,8.419166667,29.21458333,30.005,12265,
03-05-16,0.625,9.988333333,13.18416667,6.6475,63.51291667,8.765,29.11875,29.90875,27296,
04-05-16,0.862916667,9.9025,11.37791667,6.78,72.07208333,12.77583333,28.98291667,29.7725,22774,
05-05-16,0.33625,10,11.84666667,5.68875,64.7825,10.46958333,29.15666667,29.94666667,22714,
06-05-16,0.125833333,9.993333333,17.07333333,6.801666667,51.51916667,8.271666667,29.1475,29.9375,32611,
07-05-16,0.41,9.997083333,17.88916667,8.8,56.47916667,11.13125,29.03291667,29.82291667,19299,
08-05-16,0.718333333,9.469583333,13.56208333,9.275833333,75.49166667,5.855833333,29.15125,29.94333333,13263,
09-05-16,0.994166667,7.43125,15.75208333,14.36,91.20916667,11.91583333,29.10375,29.89625,9646,
10-05-16,0.799583333,9.08375,18.42958333,16.8275,87.4375,9.72125,29.09,29.88125,15132,
11-05-16,0.714166667,6.450416667,18.58375,16.8575,88.1625,7.464583333,29.20166667,29.9925,22130,
12-05-16,0.465416667,9.3175,16.98416667,14.02375,79.39375,11.27541667,29.19541667,29.98625,11035,
13-05-16,0.31625,9.633333333,14.82375,9.570416667,71.08958333,11.18291667,29.19875,29.99,32097,
14-05-16,0.808333333,10,7.84625,2.86125,68.82625,15.83333333,29.24875,30.03875,22309,
15-05-16,0.174166667,10,9.555416667,0.88375,56.29625,9.195416667,29.35166667,30.14833333,38508,
16-05-16,0.436666667,9.956666667,12.65291667,4.45125,56.56791667,7.597916667,29.38125,30.17916667,25818,
17-05-16,0.939583333,9.993333333,12.06083333,8.451666667,75.51208333,6.815416667,29.39333333,30.1925,12923,
18-05-16,0.385833333,10,13.68125,5.559583333,57.09541667,6.560416667,29.3925,30.19125,28780,
19-05-16,0.074583333,10,16.38625,5.07375,48.75125,5.413333333,29.3675,30.16333333,37157,
20-05-16,0.540416667,9.95625,15.87,7.052083333,53.57375,8.711666667,29.29583333,30.08833333,12332,
21-05-16,0.2775,10,18.14083333,5.595416667,44.69916667,8.584583333,29.29166667,30.0825,34548,
22-05-16,0.036666667,10,20.3025,6.039166667,41.78791667,7.875833333,29.25458333,30.045,34855,
23-05-16,0,10,20.77916667,6.850833333,41.76458333,6.284583333,29.20125,29.99166667,35004,
24-05-16,0.166666667,10,22.70666667,11.85625,49.42958333,10.07833333,29.21541667,30.00625,33236,
25-05-16,0.15,9.992083333,23.58791667,16.68083333,65.7625,10.98833333,28.98208333,29.98958333,28642,
26-05-16,0.4375,9.1075,21.99791667,19.43583333,82.73375,9.4425,29.15125,29.94208333,19633,
27-05-16,0.524166667,9.6625,21.91541667,19.20833333,81.61375,12.14166667,29.12125,29.91166667,20148,
28-05-16,0.346666667,10,23.185,19.29041667,76.4975,14.16708333,29.16625,29.95666667,22141,
29-05-16,0.215,9.951666667,23.45125,15.96583333,63.49708333,8.445416667,29.25458333,30.04458333,31871,
30-05-16,0.129166667,9.942083333,23.42,13.9975,55.22375,4.210833333,27.09916667,30.01791667,28506,
31-05-16,0.255833333,9.872083333,22.62958333,16.49333333,49.29166667,6.225833333,22.36541667,29.96458333,20576,
01-06-16,0.6325,9.668333333,22.26541667,19.4275,80.97375,3.320833333,29.17,29.96041667,18553,
02-06-16,0.003333333,10,22.46041667,12.51333333,53.15833333,5.88375,29.24958333,30.03958333,32663,
03-06-16,0.140833333,10,22.53375,11.62916667,48.43541667,3.007916667,29.25,30.04,28284,
04-06-16,0.6725,8.750833333,19.72208333,18.12666667,87.55041667,6.409166667,29.05083333,29.84166667,8273,
05-06-16,0.3525,10,20.78958333,15.2075,68.98291667,11.61208333,28.95958333,29.74958333,28213,
06-06-16,0.219583333,10,22.81916667,10.62041667,47.88791667,12.80625,28.94083333,29.72875,37255,
07-06-16,0.2325,10,18.69833333,9.2525,53.1325,10.72375,29.07083333,29.86083333,35506,
08-06-16,0,9.998333333,18.81791667,8.647083333,53.38833333,3.627916667,29.21291667,30.00291667,37020,
09-06-16,0.248333333,10,23.32125,13.72708333,53.585,7.752083333,29.21083333,30.00083333,29142,
10-06-16,0.14,10,27.49083333,18.8825,58.00291667,9.5125,29.20791667,30,34062,
11-06-16,0.210416667,10,27.6775,19.40958333,59.39875,9.760416667,29.22208333,30.0125,32494,
12-06-16,0.162916667,10,25.42,13.30875,48.30583333,8.617083333,29.27833333,30.07083333,32316,
13-06-16,0.13625,10,25.0325,14.02541667,49.82875,4.354583333,28.75541667,29.97041667,33323,
14-06-16,0.37875,9.278333333,24.94416667,21.8975,82.75291667,8.195833333,28.85416667,29.84916667,27921,
15-06-16,0.276666667,8.832916667,26.81833333,22.6725,78.97458333,7.966666667,29.00208333,29.79333333,32508,
16-06-16,0.357916667,9.988333333,24.17958333,19.11458333,72.3975,10.575,29.07125,29.8625,37113,
17-06-16,0.064166667,9.578333333,23.08458333,14.66333333,58.30791667,9.555416667,29.23875,30.03166667,36626,
18-06-16,0.1075,10,23.95125,13.90958333,50.92166667,6.303333333,28.81,30.1875,36122,
19-06-16,0.25625,9.897916667,25.86458333,20.08375,67.81083333,5.282916667,29.40583333,30.20666667,31689,
20-06-16,0.379166667,9.775,27.2225,21.46833333,68.99208333,11.21375,28.88916667,30.10708333,32434,
21-06-16,0.08,9.983333333,23.59208333,16.82875,63.56833333,7.89375,29.21833333,30.00833333,37319,
22-06-16,0.6125,9.0525,23.905,21.43666667,85.08666667,10.19083333,29.10666667,29.89708333,16855,
23-06-16,0.20875,10,26.16458333,20.99291667,71.535,9.113333333,29.08875,29.87916667,34494,
24-06-16,0.235833333,9.423333333,23.13958333,18.68583333,73.3825,3.950416667,28.97125,30.05,28709,
25-06-16,0.1175,9.89,26.23333333,21.72875,74.77333333,6.102916667,29.27666667,30.06791667,35055,
26-06-16,0.268333333,9.75625,25.67375,23.15791667,83.82958333,4.690416667,29.24416667,30.03625,23801,
27-06-16,0.014166667,9.7725,24.96833333,17.93791667,64.13208333,7.942083333,29.28208333,30.07583333,35454,
28-06-16,0.302083333,10,20.41041667,14.91041667,68.94458333,7.8,29.32458333,30.12166667,29679,
29-06-16,0,10,18.29875,11.00333333,60.47166667,4.15,27.305,30.11791667,38446,
30-06-16,0.110416667,10,20.85958333,15.3125,51.62541667,4.99125,21.47583333,30.00083333,30098,
01-07-16,0.43375,9.71625,20.86541667,15.36208333,70.19291667,8.267916667,29.26791667,30.06041667,34032,
02-07-16,0.246666667,9.998333333,16.33416667,12.94541667,77.005,2.960833333,29.3525,30.14916667,12168,
03-07-16,0.975833333,6.79125,17.26375,16.67916667,94.60083333,7.21125,29.23291667,30.02458333,5395,
04-07-16,0.937083333,5.900833333,21.01375,19.93,91.70541667,2.951666667,29.095,29.88708333,12426,
05-07-16,0.667083333,8.107083333,24.41,21.01916667,80.37916667,4.66125,28.76166667,29.91833333,29445,
06-07-16,0.228333333,8.71,23.16,20.77583333,84.94208333,6.590416667,29.08875,29.88041667,19052,
07-07-16,0.407916667,7.994166667,23.29125,21.42625,86.74791667,7.393333333,29.05291667,29.845,24834,
08-07-16,0.152083333,9.876666667,24.06666667,20.17166667,77.64708333,7.304583333,29.09875,29.89125,33872,
09-07-16,0.17625,10,21.7925,17.38958333,73.9275,6.1225,29.24791667,30.03833333,34424,
10-07-16,0.000833333,9.991666667,21.98125,16.47541667,70.3325,3.795416667,29.255,30.04791667,36918,
11-07-16,0.163333333,9.8575,24.81166667,20.48,77.18125,8.5025,29.1875,29.9825,32295,
12-07-16,0.283333333,8.308333333,25.09708333,21.74833333,82.02958333,7.62625,29.12,29.91416667,27092,
13-07-16,0.484166667,7.879166667,23.54541667,21.32833333,88.40791667,7.829583333,29.13,29.92291667,19714,
14-07-16,0.113333333,10,23.77083333,19.53875,77.35,7.539166667,29.1475,29.93958333,32485,
15-07-16,0.123333333,9.993333333,22.195,18.46041667,76.92458333,7.565833333,29.23916667,30.02916667,36645,
16-07-16,0.109166667,9.995,21.17666667,16.31458333,72.06291667,4.069166667,29.32791667,30.12166667,35804,
17-07-16,0.13375,9.700416667,23.59833333,21.58541667,86.81208333,8.759166667,29.28041667,30.07416667,22581,
18-07-16,0.31375,9.345833333,24.72583333,21.60916667,83.01541667,4.965416667,29.35833333,30.15791667,21662,
19-07-16,0.555416667,7.246666667,25.22,22.24291667,81.76666667,2.866666667,29.40833333,30.21541667,24809,
20-07-16,0.202916667,9.454166667,25.30208333,21.92583333,80.3425,3.545833333,29.37958333,30.18083333,31376,
21-07-16,0.178333333,7.874583333,27.35041667,25.01958333,85.41208333,6.999583333,29.28416667,30.08791667,25157,
22-07-16,0.084166667,9.714583333,24.95958333,21.79541667,80.96375,6.060833333,29.22041667,30.03833333,28907,
23-07-16,0.090416667,8.578333333,26.49416667,23.86208333,82.93416667,3.538333333,29.17875,29.99291667,28845,
24-07-16,0.182083333,6.63375,26.85416667,24.30625,85.33666667,8.074583333,29.15666667,29.96916667,29696,
25-07-16,0.247916667,9.527083333,24.26041667,21.90375,83.17875,4.9225,29.20041667,30.01166667,20909,
26-07-16,0.362083333,10,24.07125,20.15375,75.26583333,5.056666667,29.22583333,30.03958333,26875,
27-07-16,0.0575,9.575833333,23.83666667,20.50708333,79.06083333,3.859583333,29.175,29.99125,31097,
28-07-16,0.336666667,8.7,23.38625,21.30875,84.9175,3.78125,29.09125,29.90416667,22214,
29-07-16,0.4375,7.531666667,22.54208333,20.48041667,84.53291667,4.968333333,29.11,29.92291667,27284,
30-07-16,0.340416667,8.854166667,21.575,19.41958333,85.02916667,5.43,29.14958333,29.96583333,29089,
31-07-16,0.15125,8.595416667,22.5625,19.64333333,72.03291667,4.448333333,26.72166667,30.03375,24400,
01-08-16,0.130833333,8.29,23.32625,20.47041667,81.64333333,5.530416667,29.23958333,30.0575,26117,
02-08-16,0.217916667,9.35625,23.79708333,21.125,80.29666667,2.827083333,29.26333333,30.07375,24646,
03-08-16,0.121666667,8.835416667,25.03166667,21.91333333,78.12958333,4.38125,29.23666667,30.03708333,29016,
04-08-16,0.087083333,9.27875,25.34083333,22.045,76.95708333,2.731666667,29.1675,29.965,26909,
05-08-16,0.323333333,9.479166667,24.38166667,22.12083333,83.65833333,5.32875,29.1275,29.92416667,23463,
06-08-16,0.176666667,10,22.34375,18.14291667,70.90708333,6.534166667,29.18791667,29.985,29127,
07-08-16,0.157083333,10,21.67583333,16.35,67.05458333,6.520416667,29.22708333,30.02583333,30312,
08-08-16,0.153333333,10,23.13833333,19.44625,75.02875,4.25625,29.21083333,30.00375,27994,
09-08-16,0.328333333,10,24.23041667,19.46125,71.63083333,2.192083333,29.21208333,30.01125,28753,
10-08-16,0.132083333,9.1125,25.55041667,21.77625,75.19666667,3.009166667,29.26541667,30.06583333,30561,
11-08-16,0.219583333,7.654583333,27.0575,24.47416667,83.2125,6.754583333,29.18583333,29.98208333,29647,
12-08-16,0.365416667,8.635833333,26.4425,24.65875,87.57708333,7.395,29.0625,29.855,21130,
13-08-16,0.7625,8.612083333,23.66166667,22.53541667,89.17708333,7.045416667,29.09583333,29.88708333,17072,
14-08-16,0.21875,9.6875,21.735,20.89208333,89.15666667,2.88875,29.26916667,30.06041667,13002,
15-08-16,0.99,6.24,22.4025,22.25375,96.56,8.2725,29.21166667,30.00375,4072,
16-08-16,0.609583333,8.147916667,23.92416667,22.35041667,89.10958333,5.291666667,29.28166667,30.07458333,22241,
17-08-16,0.62,5.640416667,23.92208333,22.60458333,89.2025,4.003333333,29.31416667,30.10833333,25074,
18-08-16,0.331666667,7.879583333,24.28541667,21.85958333,85.55958333,5.534166667,29.25958333,30.05,27377,
19-08-16,0.409583333,7.349166667,23.90083333,22.31916667,87.96625,5.723333333,29.14083333,29.93208333,21707,
20-08-16,0.515,8.574583333,22.71208333,21.04666667,88.3125,9.249583333,28.95541667,29.74333333,20057,
21-08-16,0.169166667,9.985,18.69458333,15.6,79.44,7.071666667,29.1975,29.98791667,34230,
22-08-16,0.1425,9.995,19.18791667,15.51875,76.36,2.32125,29.38333333,30.18125,34762,
23-08-16,0.339166667,9.996666667,21.1225,17.77458333,79.6325,5.902083333,29.38916667,30.18666667,29378,
24-08-16,0.495,8.886666667,24.99333333,22.85458333,87.79416667,8.123333333,29.23416667,30.025,18564,
25-08-16,0.335833333,9.681666667,24.69041667,22.44083333,85.44041667,6.035416667,29.26833333,30.05916667,30676,
26-08-16,0.47375,8.624166667,23.85958333,22.1675,87.69916667,4.174583333,29.31708333,30.11125,23835,
27-08-16,0.516666667,9.947916667,24.95333333,22.92833333,85.51041667,4.377083333,29.28791667,30.07791667,26148,
28-08-16,0.230833333,9.666666667,25.34916667,22.97875,84.5525,2.932916667,29.3725,30.17166667,26149,
29-08-16,0.0275,9.46,25.50916667,22.75833333,81.85,2.563333333,29.3925,30.19041667,30348,
30-08-16,0.085833333,8.05375,24.03625,22.7375,82.17083333,3.80125,27.30291667,30.11416667,22026,
31-08-16,0.183333333,8.7225,22.63375,19.66416667,60.75625,7.16,21.48,30.04833333,20706,
01-09-16,0.177916667,10,19.25291667,14.45375,71.81625,10.72291667,29.34791667,30.14333333,31504,
02-09-16,0.089166667,10,18.70375,14.205,72.30666667,8.0525,29.10833333,30.1975,32931,
03-09-16,0.126666667,10,19.3725,14.8125,73.31875,5.834583333,29.37541667,30.1725,30192,
04-09-16,0.014166667,9.996666667,20.99333333,15.9425,74.46625,5.32875,29.36041667,30.15708333,29865,
05-09-16,0.356666667,9.991666667,25.06708333,21.47708333,80.35708333,6.407083333,29.32125,30.11458333,27026,
06-09-16,0.17875,9.347083333,26.81291667,23.43583333,79.63666667,7.79,29.30625,30.09833333,26341,
07-09-16,0.270416667,9.98,27.21375,23.63,78.07958333,8.519166667,29.2375,30.0275,25049,
08-09-16,0.562916667,7.535,23.49208333,22.91041667,94.37458333,5.455833333,29.14,29.93208333,8637,
09-09-16,0.934166667,4.912916667,21.76166667,21.24875,95.18416667,4.040416667,29.13583333,29.92791667,8348,
10-09-16,0.516666667,7.821666667,19.78916667,16.70916667,80.68666667,8.413333333,29.18208333,29.97541667,23804,
11-09-16,0.025,9.996666667,17.69083333,12.19875,70.28083333,2.25625,29.38291667,30.18041667,33934,
12-09-16,0,10,19.02458333,13.88208333,72.43125,4.292083333,29.31375,30.10708333,33640,
13-09-16,0.210416667,10,22.17416667,17.81875,75.9675,3.7975,29.30208333,30.09416667,26532,
14-09-16,0.519166667,8.67375,21.89958333,19.07333333,82.54083333,6.82875,29.38916667,30.18958333,21074,
15-09-16,0.394166667,8.266666667,22.2325,18.56625,79.95583333,5.660833333,29.35666667,30.1525,22952,
16-09-16,0.485,9.015833333,21.92625,20.60541667,89.80666667,6.833333333,29.22125,30.01166667,11245,
17-09-16,0.500833333,8.525416667,22.13666667,18.49625,78.92125,5.4025,29.17333333,29.96416667,26135,
18-09-16,0.1175,9.718333333,21.22583333,14.61875,67.32416667,2.795416667,29.19833333,29.98833333,30307,
19-09-16,0,10,21.44583333,14.16458333,65.30708333,4.000833333,29.26791667,30.05875,33103,
20-09-16,0.146666667,9.995,23.91958333,18.63916667,71.69125,2.3825,29.33208333,30.1275,27701,
21-09-16,0.070833333,8.991666667,23.41791667,17.66333333,70.67208333,3.112083333,29.34708333,30.1425,28154,
22-09-16,0,9.988333333,23.58041667,16.22291667,64.75708333,3.525,29.26208333,30.05375,27424,
23-09-16,0.00875,8.892916667,24.34625,18.86,72.03583333,4.274583333,29.27416667,30.06458333,28642,
24-09-16,0.495833333,4.5925,23.97083333,19.96375,77.525,6.425833333,29.3175,30.11208333,26180,
25-09-16,0.360833333,7.84625,23.80583333,19.08375,75.68083333,6.791666667,29.24166667,30.03291667,21348,
26-09-16,0.145416667,9.930416667,16.705,7.069583333,57.10333333,9.86375,29.25083333,30.04083333,31228,
27-09-16,0.019583333,9.96,16.69041667,5.268333333,49.15375,8.930833333,29.07375,29.86375,33487,
28-09-16,0.852083333,10,13.84833333,9.975,75.94666667,9.77375,29.12291667,29.91291667,17006,
29-09-16,0.71875,9.803333333,16.50541667,14.18166667,79.55208333,10.68458333,27.57833333,30.10541667,17982,
30-09-16,0.669166667,8.582083333,16.91958333,16.02,67.90166667,10.2025,22.18958333,30.04708333,7162,
01-10-16,0.875416667,7.564166667,16.60333333,14.98416667,89.51833333,4.065,29.21166667,30.00208333,16084,
02-10-16,0.780833333,8.5625,16.515,13.62625,81.27208333,3.648333333,29.27916667,30.07,15527,
03-10-16,0.7775,9.04,17.125,13.18125,78.50791667,2.2275,29.28625,30.0775,16590,
04-10-16,0.343333333,9.96,19.61083333,14.19875,71.01625,7.282916667,29.22458333,30.01458333,31462,
05-10-16,0.350416667,9.990833333,21.42583333,16.51791667,72.37125,8.470416667,29.20833333,29.99833333,22642,
06-10-16,0.363333333,9.31,22.33916667,17.43125,73.58166667,4.795,29.27583333,30.06708333,17674,
07-10-16,0.12875,9.795,15.76625,11.18541667,70.87958333,9.412916667,29.33208333,30.12666667,22751,
08-10-16,0,9.998333333,12.06625,4.89375,59.2125,4.842083333,29.47708333,30.27708333,32386,
09-10-16,0.011666667,9.996666667,14.83083333,7.387083333,60.74916667,4.942916667,29.50458333,30.30458333,29969,
10-10-16,0.012083333,8.382083333,15.8925,8.702916667,62.52875,2.2425,29.49,30.29,26312,
11-10-16,0.206666667,8.228333333,17.7425,9.858333333,61.7625,6.5075,29.36458333,30.16,23093,
12-10-16,0.807083333,8.893333333,15.56708333,13.61958333,86.06333333,11.13041667,29.27541667,30.06875,9905,
13-10-16,0.192083333,9.8,9.424166667,4.40625,69.39916667,3.950416667,29.48875,30.28875,32558,
14-10-16,0.0175,9.653333333,12.52625,7.319583333,71.23,5.784166667,29.4075,30.20458333,28965,
15-10-16,0.624583333,7.48875,18.97458333,16.25166667,83.52375,10.66208333,29.25291667,30.04333333,11314,
16-10-16,0.603333333,9.743333333,19.90916667,18.1175,85.89375,9.399166667,29.13208333,29.92291667,6014,
17-10-16,0.190416667,9.96,23.63458333,18.24916667,70.21375,17.18083333,28.9175,29.70291667,26013,
18-10-16,0.411666667,10,21.59791667,16.70291667,69.81875,11.90083333,28.99666667,29.78416667,9249,
19-10-16,0.57625,9.484166667,15.53333333,12.06041667,75.96541667,6.585833333,28.975,30.05541667,8060,
20-10-16,0.982916667,9.470833333,12.70041667,11.08291667,86.66541667,9.75,29.29791667,30.0925,6859,
21-10-16,0.39625,10,7.732916667,3.414583333,70.28375,8.8875,29.06291667,30.15,19900,
22-10-16,0.137916667,10,8.35125,3.583333333,69.31666667,6.020416667,29.30083333,30.09583333,28926,
23-10-16,0.029166667,9.746666667,14.44625,9.015,65.97875,10.21625,29.23375,30.02458333,27937,
24-10-16,0,9.92,10.52541667,5.438333333,68.86458333,7.669166667,29.53041667,30.33166667,25668,
25-10-16,0.586666667,9.92,10.115,5.081666667,72.94916667,8.19375,29.5575,30.3575,11539,
26-10-16,0.839166667,8.963333333,13.15958333,11.00708333,86.22416667,10.86916667,29.30541667,30.10041667,6363,
27-10-16,0.99,9.873333333,9.5075,7.797916667,86.45666667,7.675416667,29.41583333,30.215,4090,
28-10-16,0.05375,8.692083333,13.19083333,11.15125,84.47416667,11.1575,29.355,30.14916667,21889,
29-10-16,0.075,9.995,20.67125,15.55208333,70.42125,13.78791667,29.19208333,29.98208333,20111,
30-10-16,0.442083333,9.827916667,13.90583333,10.4325,71.89041667,10.775,27.29083333,30.11291667,16663,
31-10-16,0.012916667,9.995416667,13.13083333,10.67083333,61.18375,8.8575,21.8,30.04291667,18050,
01-11-16,0,9.428333333,19.77916667,14.82458333,72.04208333,9.716666667,29.18708333,29.97708333,19233,
02-11-16,0.57125,9.4375,18.98583333,16.09458333,83.53166667,6.427083333,29.32208333,30.11541667,10862,
03-11-16,0.548333333,7.52625,15.14333333,13.74666667,87.44,7.520833333,29.12458333,30.21666667,15279,
04-11-16,0.011666667,9.503333333,10.44708333,7.052083333,76.74791667,4.438333333,29.30708333,30.40041667,26916,
05-11-16,0,9.843333333,10.33166667,7.18625,76.0525,3.266666667,29.27666667,30.36916667,20675,
06-11-16,0.011666667,9.675,11.13541667,7.0775,74.67375,2.6125,29.54416667,30.34416667,25116,
07-11-16,0.118333333,10,11.99833333,7.73,73.05541667,2.369583333,29.49083333,30.29083333,21845,
08-11-16,0.67875,8.59125,11.37958333,10.11041667,88.2775,6.54625,29.42291667,30.22208333,2516,
09-11-16,0.076666667,9.926666667,7.145833333,4.510833333,78.975,6.457083333,29.50541667,30.30541667,24367,
10-11-16,0,9.998333333,8.524583333,4.667916667,72.20791667,10.99583333,29.34791667,30.1425,25838,
11-11-16,0.08875,10,7.828333333,3.83,72.05666667,12.435,29.46291667,30.26166667,15219,
12-11-16,0.005833333,9.88,3.865,0.06625,74.0275,2.28625,29.60083333,30.40083333,25110,
13-11-16,0,10,4.435,-0.22375,68.02083333,6.117083333,29.38708333,30.18375,25474,
14-11-16,0.08375,9.942083333,8.917916667,4.930416667,73.05166667,6.784583333,29.16375,29.95375,20376,
15-11-16,0.09,7.746666667,7.681666667,5.804166667,82.52125,5.449583333,29.12166667,29.91291667,22628,
16-11-16,0.07,7.750833333,8.944166667,5.992916667,79.88916667,2.16,29.135,29.925,22240,
17-11-16,0.005833333,9.773333333,15.06666667,9.655416667,70.56708333,11.86125,29.07041667,29.86083333,17284,
18-11-16,0.61625,9.587083333,12.62333333,8.503333333,73.68958333,16.88291667,29.10583333,29.89666667,6834,
19-11-16,0.668333333,10,1.674583333,-2.560833333,71.67916667,19.13458333,29.43083333,30.22833333,7811,
20-11-16,0,10,-1.747083333,-5.532083333,73.12375,5.925,29.52416667,30.32416667,24367,
21-11-16,0,10,-0.251666667,-4.380416667,72.64958333,2.1425,29.48875,30.28875,23094,
22-11-16,0.385833333,9.657916667,3.99875,-0.082916667,74.27625,10.67875,29.4275,30.2275,15725,
23-11-16,0.994166667,4.24875,6.623333333,6.271666667,94.98708333,10.38916667,29.19791667,29.99083333,1028,
24-11-16,1,8.354166667,4.30375,2.840833333,87.36375,8.16875,29.40583333,30.20416667,1689,
25-11-16,0.993333333,8.342916667,4.41375,2.43875,84.545,5.9575,29.53791667,30.33791667,4682,
26-11-16,0.372916667,8.380833333,4.402083333,3.217083333,87.08875,7.569583333,29.50083333,30.3,15544,
27-11-16,0.76375,5.173333333,3.865833333,3.14125,91.84041667,12.10291667,29.19916667,29.9925,4159,
28-11-16,0.959583333,7.747083333,8.667083333,7.973333333,92.36458333,20.82166667,28.6925,29.47541667,770,
29-11-16,0.107083333,10,9.66125,8.290833333,81.09541667,12.05166667,26.805,29.55666667,16258,
30-11-16,0.20875,9.88,3.17625,0.920833333,59.5475,10.31875,21.27208333,29.69208333,13058,
01-12-16,0.993333333,10,2.932916667,0.042916667,79.06291667,12.09083333,29.15458333,29.94458333,4527,
02-12-16,1,9.917083333,3.3975,1.0075,81.98875,7.954166667,29.42458333,30.2225,4409,
03-12-16,0.691666667,9.96,1.23125,-1.402916667,80.07166667,5.94625,29.53291667,30.33291667,8894,
04-12-16,0.985416667,5.453333333,0.699583333,0.28125,94.05375,6.876666667,29.22958333,30.02416667,1347,
05-12-16,0.60625,8.669166667,1.330416667,0.677083333,93.74958333,7.799166667,29.20166667,29.99166667,2407,
06-12-16,0.3725,6.548333333,1.490416667,0.216666667,55.78541667,10.08958333,18.06,29.86541667,4263,
07-12-16,0.177916667,9.96,-1.09,-4.70875,21.88625,10.85166667,8.59375,30.16041667,13350,
08-12-16,0.045833333,9.720833333,-5.694583333,-9.013333333,21.97583333,16.86666667,8.635416667,30.37958333,5835,
09-12-16,0.075416667,9.809583333,-4.63125,-8.229166667,22.215,8.895,8.84,30.53708333,7768,
10-12-16,0.052916667,8.316666667,-3.677083333,-6.782916667,22.53291667,7.782916667,8.82375,30.45125,6329,
11-12-16,0.06875,7.2025,0.928333333,-0.908333333,24.02166667,11.3625,9.117916667,29.94166667,1066,
12-12-16,0.107083333,9.2825,-2.156666667,-4.04875,22.91208333,9.591666667,8.815416667,30.07166667,12981,
13-12-16,0.082916667,8.231666667,-5.832916667,-8.827916667,35.9325,8.330416667,14.875,30.18708333,716,
14-12-16,0.189166667,10,-9.612916667,-14.60333333,61.24291667,12.23166667,29.45458333,30.25416667,1214,
15-12-16,0.206666667,10,-11.14916667,-17.60666667,56.8125,9.364166667,29.6275,30.4275,15970,
16-12-16,1,7.915416667,-5.72,-10.14041667,69.59666667,12.4425,29.21458333,30.00833333,2762,
17-12-16,1,5.200833333,-3.00375,-3.688333333,92.195,7.449583333,28.94291667,29.7325,1654,
18-12-16,0.29125,9.26,-13.87041667,-16.32916667,79.26875,11.47458333,29.66708333,30.47,15359,
19-12-16,0,9.983333333,-12.97916667,-15.76208333,75.01958333,5.28375,29.86458333,30.67125,16648,
20-12-16,0,9.9875,-5.330416667,-8.16375,76.51333333,9.805,29.215,30.30541667,1602,
21-12-16,0,9.98875,-0.994583333,-3.174583333,80.41125,8.2425,29.29958333,30.09416667,13895,
22-12-16,0.302083333,9.780416667,1.782083333,-0.230833333,83.17916667,8.227916667,29.51166667,30.31166667,14016,
23-12-16,0.743333333,5.440416667,1.12375,0.51625,92.58,9.384166667,29.36541667,30.16125,14137,
24-12-16,0.985833333,4.345416667,3.364583333,2.5925,93.07083333,4.864583333,29.4075,30.20833333,14258,
25-12-16,1,1.610833333,4.212083333,3.925833333,96.97083333,12.52375,29.42333333,30.22166667,14379,
26-12-16,0.659166667,9.10875,8.491666667,6.509583333,83.45791667,13.92791667,28.9375,30.01833333,14500,
27-12-16,0,10,0.087916667,-2.71375,79.03375,9.649583333,29.385,30.18333333,14622,
28-12-16,0.292916667,10,1.757916667,-0.590416667,82.14125,9.0525,29.18458333,29.97583333,14774,
29-12-16,0.48125,10,1.802083333,-2.098333333,73.82333333,17.93833333,29.18083333,29.97083333,17049,
30-12-16,0.278333333,10,0.405833333,-4.055416667,65.08125,15.245,27.21416667,30.01375,16552,
31-12-16,0.1575,9.989166667,2.295833333,-2.72,51.9025,12.88166667,23.0575,29.78875,15106,
01-01-17,0.106666667,9.7675,-0.611666667,-3.639166667,79.56208333,5.371666667,29.29958333,30.09083333,19450,
02-01-17,1,3.153333333,5.047916667,4.433333333,95.95458333,7.53,29.1775,29.96958333,2596,
03-01-17,0.913333333,4.419166667,2.87375,2.441666667,94.84041667,13.71083333,29.03458333,29.82583333,1553,
04-01-17,0.293333333,9.870416667,-7.6075,-11.69916667,70.165,16.02375,29.3,30.09125,18800,
05-01-17,0.892916667,7.139583333,-10.95375,-13.98041667,76.89708333,8.78125,29.28958333,30.08333333,1115,
06-01-17,0.265416667,9.363333333,-16.06291667,-18.71541667,72.70333333,5.203333333,29.50083333,30.30125,3318,
07-01-17,0.302916667,10,-12.89208333,-15.42291667,74.45458333,7.49875,29.74333333,30.54458333,8325,
08-01-17,0.273333333,9.998333333,-11.72125,-15.36083333,70.43875,7.5175,29.82625,30.6325,15273,
09-01-17,0.565833333,10,-2.074583333,-5.871666667,72.47333333,15.59541667,29.43166667,30.22916667,8816,
10-01-17,0.792916667,9.499166667,4.889583333,3.064583333,86.72333333,22.91666667,28.95125,29.73875,1169,
11-01-17,0.612916667,5.377083333,5.518333333,4.83125,94.67583333,11.14541667,29.02833333,29.81833333,2869,
12-01-17,0.787916667,7.340833333,-0.376666667,-1.497083333,88.44666667,10.74833333,28.4725,30.15083333,3069,
13-01-17,0.33125,10,-2.752083333,-5.737916667,77.495,10.91125,29.82375,30.63,10681,
14-01-17,0.94875,5.085416667,-0.60875,-1.367916667,92.6075,4.77125,29.66541667,30.46625,2549,
15-01-17,0.75625,5.25,-0.0175,-1.139583333,90.97541667,3.41875,29.56333333,30.36333333,5795,
16-01-17,1,1.15375,5.200416667,4.85625,97.845,8.2525,29.28208333,30.08,2799,
17-01-17,0.999583333,7.981666667,5.75625,5.328333333,94.77875,14.32791667,29.15666667,29.94791667,2592,
18-01-17,0.71875,7.049166667,2.55875,1.845,92.58166667,8.918333333,29.33791667,30.13333333,7494,
19-01-17,0.70375,3.62625,4.339583333,4.0075,95.84875,8.075416667,29.08708333,29.87791667,3127,
20-01-17,1,5.287916667,8.43125,8.299583333,96.88,6.40875,28.84583333,29.63125,3787,
21-01-17,0.33875,7.558333333,11.02791667,9.399166667,88.02583333,7.524166667,28.77875,29.55916667,20879,
22-01-17,0.805,4.897083333,6.4025,5.908333333,94.83583333,11.03791667,28.79708333,29.58,13980,
23-01-17,0.99625,8.2975,4.070416667,3.18875,91.26083333,11.79375,28.92791667,29.75125,2447,
24-01-17,0.794583333,8.929166667,3.832083333,2.350416667,86.805,6.189583333,28.47458333,29.53291667,3709,
25-01-17,0.700416667,9.428333333,4.73,2.536666667,83.7225,15.93458333,28.79875,29.58041667,5446,
26-01-17,0.986666667,8.635416667,0.180833333,-1.1175,87.13625,17.0275,28.82,29.89333333,3341,
27-01-17,0.83875,9.950833333,-2.069166667,-4.207083333,81.01333333,13.3475,28.8775,29.94333333,2271,
28-01-17,0.862083333,9.786666667,-0.886666667,-3.039583333,83.22833333,11.91958333,29.03916667,29.83,10091,
29-01-17,0.996666667,9.249166667,-2.610833333,-5.73875,76.995,10.00958333,29.08791667,29.87916667,2373,
30-01-17,0.09875,9.988333333,-2.868333333,-5.23375,74.08291667,10.22166667,27.12791667,29.87583333,16065,
31-01-17,0.618333333,10,3.803333333,0.785416667,61.11958333,14.22916667,23.035,29.84375,11140,
01-02-17,0.630416667,10,1.84625,-2.0625,73.0275,10.09125,28.74625,30.11958333,13716,
02-02-17,0.023333333,10,-4.807916667,-10.89916667,48.58875,10.82125,23.51416667,30.39166667,24585,
03-02-17,0.065,10,-5.400416667,-12.07041667,21.25375,7.926666667,8.604583333,30.46833333,25191,
04-02-17,0.375416667,10,-2.879583333,-10.04375,51.24166667,11.01958333,26.79625,30.23416667,16241,
05-02-17,0,10,1.586666667,-3.462916667,66.7775,8.04875,28.66208333,30.03083333,27558,
06-02-17,0.64,3.8975,4.032083333,3.438333333,93.9425,7.397916667,29.07375,29.86291667,4422,
07-02-17,0.956666667,6.729166667,10.48333333,9.325416667,88.48625,16.61,28.1925,29.52708333,6383,
08-02-17,0.84875,7.043333333,-2.689166667,-4.0125,87.16625,10.66541667,29.145,29.9375,1896,
09-02-17,0.208333333,10,-10.25833333,-13.85333333,72.6675,9.59375,29.52,30.32,1773,
10-02-17,0.085416667,9.918333333,1.370833333,-1.99625,75.975,13.295,29.15583333,29.94791667,11702,
11-02-17,0.390416667,8.797083333,10.55041667,8.56125,84.925,7.388333333,29.0525,29.84416667,20898,
12-02-17,0.307083333,7.90375,5.09875,0.56625,74.07,16.47833333,29.36125,30.15666667,28664,
13-02-17,0.104166667,10,1.995833333,-2.459166667,71.54208333,6.976666667,29.44833333,30.24541667,25261,
14-02-17,0.03875,10,4.700416667,0.490833333,71.96666667,11.03416667,29.07625,29.86625,25617,
15-02-17,0.011666667,10,0.58125,-5.01125,65.88333333,10.87375,29.11791667,29.90791667,31502,
16-02-17,0.158333333,10,3.216666667,-2.62875,65.48625,8.460416667,29.06458333,29.85458333,21195,
17-02-17,0,10,10.88833333,2.714583333,56.22291667,11.5,28.94291667,29.73166667,29973,
18-02-17,0.065,9.3025,11.34958333,5.634583333,66.6125,10.285,28.99625,29.78625,22477,
19-02-17,0.457083333,4.258333333,11.32458333,8.50875,83.79833333,5.415416667,29.25416667,30.04708333,20726,
20-02-17,0.359583333,6.404583333,13.82,9.97375,78.73875,11.50333333,29.26083333,30.05458333,21287,
21-02-17,0.74,8.973333333,13.60541667,11.92291667,85.54291667,3.033333333,29.145,29.93541667,5489,
22-02-17,0.455416667,6.2725,13.96333333,11.94458333,84.09125,8.724166667,28.98958333,29.77875,21775,
23-02-17,0.62125,8.065,11.86666667,9.95,86.555,8.094166667,28.91708333,29.70333333,9243,
24-02-17,0.54125,9.955,12.55,9.5675,79.69208333,18.76958333,28.75333333,29.53625,13472,
25-02-17,0.6225,9.157083333,-1.898333333,-5.587916667,73.13833333,17.66375,29.13416667,29.92375,23598,
26-02-17,0.216666667,10,1.072083333,-6.63375,56.80625,12.37666667,29.29125,30.08291667,23588,
27-02-17,0.48,9.998333333,7.749583333,2.185,66.745,8.354583333,27.29291667,30.105,23467,
28-02-17,0.653333333,7.58875,13.93333333,12.82541667,67.66666667,15.61041667,21.41625,29.75833333,3416,
01-03-17,0.8875,9.304166667,6.804166667,4.527083333,82.9325,21.18125,28.98583333,29.77333333,5592,
02-03-17,0.5425,10,0.809166667,-3.197083333,73.19375,12.66416667,29.48958333,30.29,27052,
03-03-17,0.267083333,10,-0.976666667,-6.955,63.26125,6.465416667,29.75416667,30.55625,34579,
04-03-17,0.22,10,5.017083333,-2.949166667,57.95416667,13.3525,29.61208333,30.4125,33340,
05-03-17,0.635416667,10,9.781666667,3.732083333,66.54166667,15.80291667,29.39708333,30.19416667,18516,
06-03-17,0.999583333,9.032083333,13.68083333,11.84291667,85.63541667,22.87916667,29.11208333,29.90333333,2679,
07-03-17,0.384583333,9.650833333,9.212916667,4.189583333,69.52875,15.98625,29.15041667,29.94,31333,
08-03-17,0.06625,10,7.362083333,-1.405,54.18458333,13.345,29.34666667,30.14125,34840,
09-03-17,0.252083333,10,6.09,-3.04625,55.28583333,10.88375,29.31333333,30.1075,28306,
10-03-17,0.249166667,10,0.540833333,-12.22291667,39.22625,13.08458333,29.56375,30.36333333,34814,
11-03-17,0.314583333,10,-1.934166667,-16.38708333,32.29625,7.5725,29.655,30.45541667,25592,
12-03-17,0.2525,10,-0.567916667,-11.50375,44.00833333,4.00125,29.57416667,30.37416667,31249,
13-03-17,0.931666667,5.1525,-1.887083333,-2.905833333,89.33833333,10.57666667,29.345,30.14166667,580,
14-03-17,0.578333333,8.693333333,-5.270416667,-7.93625,77.74583333,9.020416667,29.48333333,30.28333333,2941,
15-03-17,0.0525,10,-5.472083333,-9.986666667,67.52083333,9.139166667,29.57666667,30.37666667,22813,
16-03-17,0.167083333,10,0.6175,-5.61625,63.10458333,6.793333333,29.48875,30.28833333,35771,
17-03-17,0.675416667,7.7225,6.441666667,4.22125,83.80375,8.96625,29.24291667,30.03375,6146,
18-03-17,0.91625,10,3.343333333,0.501666667,77.33083333,12.01625,29.42041667,30.21833333,8140,
19-03-17,0.16375,10,6.221666667,0.869583333,69.3025,6.435833333,29.47166667,30.27083333,35855,
20-03-17,0.760416667,8.638333333,11.47958333,7.65625,79.76458333,11.69375,29.2,29.99125,21654,
21-03-17,0.37875,8.723333333,6.62,2.422083333,75.50875,10.91125,29.40666667,30.20458333,19671,
22-03-17,0.098333333,10,1.340416667,-5.149166667,63.41375,13.19416667,29.6675,30.46916667,37680,
23-03-17,0.568333333,10,5.170416667,-1.245416667,63.71666667,12.39208333,29.44041667,30.2375,12225,
24-03-17,0.315416667,10,17.81833333,11.775,67.52,15.08541667,29.20958333,29.99958333,31050,
25-03-17,0.808333333,9.76,16.3725,13.58458333,82.30541667,9.909166667,29.13666667,29.92708333,8155,
26-03-17,0.927916667,9.411666667,13.4925,11.80208333,87.02416667,10.91,29.09125,29.88208333,13622,
27-03-17,0.88625,7.010833333,11.62833333,10.39083333,90.1025,7.344583333,29.11208333,29.90375,12651,
28-03-17,1,9.92,8.83,5.544583333,80.54208333,10.8525,29.29375,30.08625,25093,
29-03-17,0.889583333,9.037916667,11.04541667,6.914166667,75.55583333,15.23666667,29.25708333,30.05291667,12814,
30-03-17,0.860416667,7.882083333,12.71791667,11.76416667,86.77791667,10.51375,26.905,29.61416667,7017,
31-03-17,0.615833333,7.13625,6.140833333,5.455416667,67.69666667,11.14625,21.41375,29.82958333,5601,
01-04-17,0.214583333,9.343333333,8.13875,4.02,73.7625,5.95,29.28916667,30.18791667,34371,
02-04-17,0.102083333,9.708333333,11.39041667,6.307083333,67.29208333,8.075,27.64458333,30.03625,28304,
03-04-17,0.92125,9.434583333,14.09083333,12.01125,82.24291667,11.20375,28.01958333,29.50458333,8730,
04-04-17,0.9325,8.37125,11.36333333,9.457083333,87.20083333,11.18916667,28.96833333,29.75666667,13194,
05-04-17,0.995833333,8.377083333,8.03625,7.15,92.91375,17.46333333,28.85166667,29.6375,8828,
06-04-17,0.73625,9.8075,7.075,3.022083333,70.63291667,17.89416667,27.39791667,29.85125,25844,
07-04-17,0,10,6.906666667,-0.175416667,57.49125,8.88875,26.70458333,30.09333333,39197,
08-04-17,0,10,11.84375,3.891666667,59.48,12.22791667,29.19708333,29.98708333,37237,
09-04-17,0,10,18.39041667,9.734166667,55.50916667,19.94666667,29.01375,29.8025,27589,
10-04-17,0.382916667,9.950416667,18.2175,13.86208333,73.16083333,14.67541667,29.115,29.90541667,11365,
11-04-17,0.42875,9.988333333,10.51458333,6.620416667,74.035,7.04625,29.41625,30.215,21140,
12-04-17,0,9.795,11.92041667,4.698333333,62.68166667,3.67875,29.5425,30.34291667,36635,
13-04-17,0.442916667,10,17.50166667,10.44958333,65.59541667,8.38625,29.41666667,30.215,24473,
14-04-17,0.50125,9.781666667,19.02583333,13.21291667,71.5775,8.6275,29.34333333,30.13875,26121,
15-04-17,0.236666667,10,21.65583333,13.47458333,58.95375,14.80083333,29.21666667,30.00666667,33003,
16-04-17,0.45375,9.833333333,16.96166667,13.72291667,77.71291667,10.81083333,29.22916667,30.02125,11888,
17-04-17,0.125416667,10,15.66875,5.475833333,50.88958333,3.849583333,29.36333333,30.15958333,4010,
18-04-17,0.16,10,17.82125,9.721666667,58.98666667,10.60916667,29.29916667,30.09125,28700,
19-04-17,0.245416667,9.975,22.74125,16.48,35.37916667,10.69541667,12.91875,30.02166667,1277,
20-04-17,0.365,10,19.67833333,13.59,48.1325,16.23916667,22.26375,29.9275,8515,
21-04-17,0.184583333,10,10.30208333,3.614166667,62.81041667,11.77416667,29.27708333,30.06916667,22074,
22-04-17,0,10,10.7325,1.332916667,53.48083333,15.11125,29.31166667,30.10625,31051,
23-04-17,0,10,13.13916667,-1.29875,37.85833333,9.40375,29.27166667,30.06291667,39354,
24-04-17,0,9.998333333,16.26083333,0.59875,35.76208333,8.5125,29.08291667,29.87208333,38564,
25-04-17,0,10,19.71583333,10.48166667,55.03166667,12.59458333,28.86375,29.64583333,35268,
26-04-17,0.62125,9.346666667,20.04625,14.40791667,70.15166667,14.985,28.72041667,29.50083333,23390,
27-04-17,0.877083333,9.72625,9.727083333,7.829583333,84.57583333,13.22291667,28.90166667,29.68708333,11426,
28-04-17,0.835416667,7.564166667,11.65375,10.79583333,91.48666667,9.301666667,29.10208333,29.89375,6314,
29-04-17,0.856666667,5.62375,12.29041667,11.67125,87.80666667,14.82333333,27.08625,29.61416667,4487,
30-04-17,0.6375,7.769166667,16.94916667,16.26958333,69.10041667,11.15458333,21.82916667,29.69541667,7081,
01-05-17,0.902916667,9.79,10.71958333,7.539166667,77.26083333,19.58083333,28.77583333,29.55583333,14126,
02-05-17,0.58375,10,9.897916667,5.169166667,71.90875,15.38,29.08041667,29.87083333,29112,
03-05-17,0.614583333,9.8475,8.461666667,5.84625,80.10666667,5.894583333,29.31541667,30.10958333,10922,
04-05-17,0.794583333,8.477083333,8.134583333,7.097916667,90.64875,20.15833333,29.05041667,29.84125,5180,
05-05-17,0.12,10,10.77708333,5.44125,70.45125,15.33666667,28.98083333,29.77041667,39832,
06-05-17,0.536666667,9.86875,11.31833333,6.5875,73.36875,8.61,29.0375,29.82791667,31074,
07-05-17,0.011666667,10,11.07583333,1.674583333,54.06958333,6.06375,29.23166667,30.02166667,40086,
08-05-17,0.38,10,12.32291667,5.292916667,61.92208333,6.619583333,29.26291667,30.055,26564,
09-05-17,0.37625,9.102916667,17.50041667,13.25625,79.29,9.750416667,29.10333333,29.89458333,32614,
10-05-17,0.49625,7.35375,19.84375,16.17416667,81.28458333,7.81625,29.09333333,29.88458333,28754,
11-05-17,0.785833333,7.922083333,14.76125,12.84125,87.31,8.67,29.12875,29.92208333,1202,
12-05-17,0.1025,9.958333333,15.85208333,9.135416667,63.96375,7.9625,29.14208333,29.9325,14457,
13-05-17,0.023333333,10,18.85875,9.55625,54.32916667,6.515416667,29.11625,29.90625,38705,
14-05-17,0.00625,9.975,22.09333333,11.68458333,52.025,9.892916667,29.12083333,29.91083333,38677,
15-05-17,0,10,22.99583333,13.92416667,58.21875,6.750416667,29.1375,29.9275,37786,
16-05-17,0.012083333,9.96,24.195,15.585,57.70916667,15.28833333,29.05375,29.84375,37100,
17-05-17,0.285,9.046666667,24.88,16.33541667,58.0725,21.08958333,28.95208333,29.74041667,27248,
18-05-17,0.255,9.928333333,25.0725,16.66208333,58.84708333,15.71333333,29.05666667,29.84625,30629,
19-05-17,0.960833333,8.123333333,12.3125,10.91041667,91.10958333,13.50333333,29.23208333,30.02458333,14363,
20-05-17,0.58,7.302916667,18.25791667,16.63,89.39,11.22125,29.14916667,29.94041667,20861,
21-05-17,0.740416667,10,15.03708333,11.3125,76.32625,11.49625,29.2225,30.01333333,26170,
22-05-17,0.354166667,10,16.36041667,10.055,66.34458333,7.602916667,29.24166667,30.03208333,38775,
23-05-17,0.911666667,9.657916667,16.5975,13.44333333,79.58083333,5.0125,28.97333333,29.76041667,16224,
24-05-17,0.999583333,6.12375,14.54958333,13.85041667,92.7275,8.979583333,28.75625,29.5375,8324,
25-05-17,0.666666667,8.207916667,15.04583333,13.01708333,86.60791667,9.58,28.88541667,29.67,19978,
26-05-17,0.466666667,7.9275,19.54333333,16.53958333,84.44291667,7.553333333,29.01708333,29.80791667,22488,
27-05-17,0.57,6.830416667,19.40458333,17.67958333,87.86041667,5.364583333,29.06958333,29.86208333,23505,
28-05-17,0.409583333,8.942916667,20.8625,15.72625,71.84916667,8.873333333,28.98166667,29.77083333,27236,
29-05-17,0.21875,10,21.36958333,9.732916667,49.06708333,11.01958333,29.0975,29.8875,34442,
30-05-17,0.312916667,9.96,19.76875,7.51375,45.51291667,10.905,27.19458333,29.99208333,35074,
31-05-17,0.06875,10,19.40291667,7.335416667,41.70333333,9.02125,21.46625,30.02416667,40245,
01-06-17,0,9.96,20.43458333,5.579583333,39.92958333,3.853333333,29.28083333,30.07208333,38827,
02-06-17,0,10,22.83875,7.804166667,40.75666667,2.4725,29.27583333,30.06666667,38568,
03-06-17,0.38875,10,26.07041667,14.18083333,48.95166667,3.749166667,29.21666667,30.00666667,34298,
04-06-17,0.198333333,10,26.32041667,18.59541667,61.10166667,8.670416667,29.06708333,29.85708333,32115,
05-06-17,0.070416667,9.846666667,24.35791667,14.31375,58.54875,10.5675,29.01708333,29.80791667,37906,
06-06-17,0.011666667,10,19.46458333,7.775833333,48.18458333,13.36708333,29.2,29.99125,40189,
07-06-17,0.040833333,10,19.4575,8.062916667,47.72958333,12.03416667,28.98291667,30.06166667,40181,
08-06-17,0,10,20.98041667,7.970833333,43.59583333,3.33,29.17916667,29.96916667,39044,
09-06-17,0.246666667,10,23.82,11.64916667,45.225,10.3475,29.07458333,29.86458333,34267,
10-06-17,0,10,24.91916667,12.865,46.24041667,13.06291667,29.1275,29.9175,38834,
11-06-17,0.0225,10,26.43375,15.81041667,50.56833333,12.62375,29.19416667,29.98416667,38147,
12-06-17,0.127083333,10,28.17041667,19.34958333,57.68041667,9.134166667,29.19416667,29.98416667,35034,
13-06-17,0.267083333,9.96,28.1775,21.40333333,66.56666667,9.166666667,29.17708333,29.9675,30293,
14-06-17,0.28875,9.89125,26.59708333,21.03375,71.38083333,10.89125,29.12375,29.91458333,29842,
15-06-17,0.1675,9.96,25.1875,19.55625,70.69583333,6.673333333,29.08416667,29.87458333,31239,
16-06-17,0.189583333,10,25.27333333,19.31833333,68.1975,5.972083333,29.03541667,29.825,20976,
17-06-17,0.380833333,9.918333333,25.68125,20.80625,72.8575,9.260833333,28.90791667,29.69458333,10268,
18-06-17,0.42375,9.998333333,23.04583333,17.81333333,72.26291667,10.3125,28.95,29.73791667,10744,
19-06-17,0.365833333,9.853333333,21.25875,14.16708333,66.60791667,10.6025,29.12166667,29.91166667,12760,
20-06-17,0.263333333,9.983333333,22.00333333,14.63666667,66.66875,7.716666667,28.89458333,29.97208333,11647,
21-06-17,0.1025,9.955,24.55458333,19.37375,73.56875,4.478333333,29.1475,29.9375,9427,
22-06-17,0.685,9.100416667,25.15458333,22.15083333,80.2925,11.24458333,29.0575,29.84791667,8129,
23-06-17,0.508333333,9.228333333,23.31458333,18.59458333,76.59708333,8.199583333,28.97166667,29.75958333,7070,
24-06-17,0.18375,10,19.10958333,11.29333333,62.17833333,10.34208333,29.25208333,30.04333333,12730,
25-06-17,0.272083333,9.859166667,18.32833333,9.331666667,56.06875,9.513333333,29.34791667,30.14458333,12936,
26-06-17,0.290416667,9.835,16.25375,10.36,68.43041667,8.859583333,29.33875,30.1325,9928,
27-06-17,0.02375,9.706666667,17.54,9.445,61.24333333,2.591666667,29.32375,30.11666667,13460,
28-06-17,0.068333333,10,22.40291667,15.02083333,63.02666667,11.89291667,29.18083333,29.97083333,10550,
29-06-17,0.27,9.762083333,26.08291667,19.70833333,63.67666667,11.82916667,27.07625,29.86333333,9970,
30-06-17,0.394583333,9.015416667,24.24,21.47666667,62.39125,6.47875,21.36791667,29.86083333,7094,
01-07-17,0.152083333,9.993333333,23.48916667,17.50166667,69.09833333,8.392083333,29.18666667,29.97666667,12116,
02-07-17,0.134166667,10,24.07583333,17.46166667,66.13583333,4.977916667,28.98791667,30.06708333,12776,
03-07-17,0.119166667,9.99375,25.83541667,19.03666667,65.01958333,3.423333333,29.25166667,30.04208333,12268,
04-07-17,0.147916667,9.391666667,24.76208333,21.075,78.88875,3.32125,29.27041667,30.06041667,10848,
05-07-17,0.0275,9.288333333,25.31708333,21.63458333,79.37291667,4.97125,29.28375,30.07541667,8418,
06-07-17,0.21625,9.930416667,25.90458333,21.64083333,76.455,3.585416667,29.20416667,29.99458333,10456,
07-07-17,0.394583333,9.94375,26.03875,21.47916667,73.15708333,8.9775,29.11833333,29.90833333,10177,
08-07-17,0.147083333,10,22.0175,15.95208333,68.00791667,5.667083333,29.23916667,30.02958333,36269,
09-07-17,0.165,10,23.94625,18.3825,71.14041667,4.24375,29.23458333,30.02458333,32666,
10-07-17,0.455833333,9.955,25.73,21.39708333,74.43875,10.37666667,29.07708333,29.8675,21542,
11-07-17,0.445833333,9.65375,24.76833333,22.72583333,84.93083333,8.064166667,29.13583333,29.92666667,14309,
12-07-17,0.155,9.98375,27.18375,23.85583333,78.6675,8.168333333,29.1725,29.96333333,29784,
13-07-17,0.45,9.530416667,25.8375,23.70333333,84.49041667,5.095416667,29.24375,30.03416667,19288,
14-07-17,0.139166667,9.996666667,22.445,18.095,74.66958333,8.26375,29.3275,30.12125,38579,
15-07-17,0.33,9.972916667,20.2075,17.0225,78.0425,1.12625,29.32916667,30.12333333,30399,
16-07-17,0.3475,9.360833333,23.19708333,19.63041667,77.85416667,6.24125,29.21291667,30.00333333,31392,
17-07-17,0.25625,10,22.75458333,16.86166667,66.34166667,6.545833333,29.23375,30.02458333,36389,
18-07-17,0.000833333,9.996666667,23.89166667,17.8725,66.0925,2.76875,29.2875,30.07791667,37095,
19-07-17,0.493333333,9.317916667,26.55958333,23.65208333,83.27291667,3.418333333,29.30791667,30.10041667,32352,
20-07-17,0.22,9.242916667,27.03875,24.54708333,84.46083333,5.267083333,29.21791667,30.00958333,25836,
21-07-17,0.22625,9.884583333,27.92583333,24.67416667,80.79125,5.03875,29.15916667,29.95041667,31601,
22-07-17,0.470416667,9.747083333,26.20625,23.7575,86.20666667,5.855,29.0525,29.84333333,22140,
23-07-17,0.354583333,9.36125,26.0675,22.46,79.76541667,7.615833333,28.76125,29.83791667,29748,
24-07-17,0.354166667,9.608333333,22.02541667,18.62541667,79.25666667,8.108333333,29.21541667,30.00833333,26263,
25-07-17,0.037916667,9.985,21.83791667,17.28166667,74.3,5.77375,29.35958333,30.15541667,36790,
26-07-17,0.267916667,9.413333333,24.57375,21.81333333,83.61458333,5.087083333,29.255,30.04708333,28983,
27-07-17,0.747083333,9.130416667,24.48583333,22.7225,86.16166667,7.03375,29.12666667,29.91875,14737,
28-07-17,0.407083333,9.934166667,22.18833333,18.37791667,74.74083333,11.39791667,29.15166667,29.94208333,25950,
29-07-17,0.074583333,10,19.8225,14.54083333,67.12666667,8.873333333,29.29708333,30.09125,37640,
30-07-17,0.112916667,10,21.7475,15.265,61.27416667,4.529166667,27.35958333,30.18375,35410,
31-07-17,0.187083333,10,23.32375,17.32916667,48.905,2.397916667,21.56666667,30.165,33291,
01-08-17,0.206666667,9.912916667,22.78791667,19.13333333,75.73958333,2.237083333,29.2875,30.08125,21828,
02-08-17,0.29125,7.83875,22.77291667,19.38708333,78.68833333,1.785,29.24916667,30.04083333,29194,
03-08-17,0.384583333,9.09,23.10458333,20.28583333,81.88,6.58375,29.16583333,29.95625,27461,
04-08-17,0.522916667,10,16.29458333,12.45083333,76.82458333,9.632083333,29.20916667,29.99958333,22924,
05-08-17,0.082083333,10,18.8775,14.5125,72.34375,3.610416667,29.28541667,30.07541667,29110,
06-08-17,0.915,9.933333333,19.40083333,17.34625,84.74041667,4.517083333,29.23,30.02041667,10605,
07-08-17,0.53,10,20.23083333,16.72416667,76.18041667,5.15375,29.26,30.05083333,21582,
08-08-17,0.040416667,10,19.45416667,13.18958333,64.73583333,4.165,29.38375,30.18125,36183,
09-08-17,0.053333333,10,20.31583333,14.24083333,66.18416667,2.427083333,29.37875,30.17708333,35216,
10-08-17,0.282916667,9.945833333,22.78125,17.74791667,71.04541667,4.819166667,29.28416667,30.07583333,31449,
11-08-17,0.433333333,9.875,21.56208333,18.12333333,77.95666667,6.291666667,29.22375,30.01375,27643,
12-08-17,0.211666667,10,19.40875,14.58458333,69.84916667,6.874166667,29.2725,30.06291667,35501,
13-08-17,0.082083333,9.913333333,19.7375,14.385,67.55416667,2.737083333,29.24333333,30.03333333,33738,
14-08-17,0.485,9.984166667,22.86458333,17.66333333,69.38458333,2.886666667,29.09666667,29.88666667,29671,
15-08-17,0.367916667,9.030833333,24.21541667,20.79,77.54916667,3.389166667,29.13125,29.92166667,31368,
16-08-17,0.36125,9.007083333,24.34583333,22.60041667,85.56291667,6.373333333,29.1575,29.9475,10910,
17-08-17,0.479583333,9.912916667,24.10416667,20.82041667,79.20125,8.466666667,29.05083333,29.84083333,25669,
18-08-17,0.165833333,9.903333333,22.91291667,18.12541667,72.65458333,7.307916667,29.11333333,29.90333333,32503,
19-08-17,0.1625,9.935416667,23.02416667,18.59916667,73.06,3.012916667,29.16583333,29.95583333,25978,
20-08-17,0.171666667,9.975,24.96208333,21.13791667,77.63208333,3.76625,29.24208333,30.03208333,16347,
21-08-17,0.145416667,8.884583333,25.08083333,22.28375,82.51458333,5.86125,29.26375,30.05458333,19316,
22-08-17,0.534583333,9.31625,21.38083333,18.67583333,82.375,8.127083333,29.1775,29.96833333,23102,
23-08-17,0.08125,10,18.39041667,12.70791667,68.06875,6.632916667,29.26666667,30.05666667,33758,
24-08-17,0.105,9.84,18.71041667,13.32875,68.78166667,6.13,29.30708333,30.10083333,32084,
25-08-17,0,9.853333333,18,11.74041667,67.36666667,6.496666667,29.42375,30.22333333,32186,
26-08-17,0.046666667,9.373333333,19.59416667,13.51375,68.08333333,5.451666667,29.42208333,30.22125,32036,
27-08-17,0.370833333,9.996666667,20.56833333,15.38333333,71.33,3.682083333,29.30291667,30.09541667,29241,
28-08-17,0.659583333,9.145833333,20.09541667,17.33875,83.54083333,4.347916667,29.22833333,30.01958333,24982,
29-08-17,0.26625,9.470416667,20.24791667,17.50083333,80.43041667,3.761666667,29.24083333,30.03083333,28299,
30-08-17,0.130833333,8.613333333,20.32041667,16.94791667,73.00708333,4.57875,27.2675,30.07416667,29873,
31-08-17,0.190833333,9.748333333,19.8225,16.90958333,59.11041667,10.5575,21.54791667,30.08625,23294,
01-09-17,0.039166667,10,16.005,11.70916667,72.84708333,12.2425,29.29791667,30.09125,30971,
02-09-17,0.212916667,9.998333333,16.0475,10.22125,64.58291667,6.392083333,29.23583333,30.02583333,36736,
03-09-17,0.114583333,10,20.09083333,14.74208333,67.78125,3.314583333,29.22541667,30.01541667,32237,
04-09-17,0.235,9.983333333,22.28375,17.88375,72.87375,10.32875,29.055,29.84541667,24948,
05-09-17,0.345416667,10,16.565,9.882083333,63.17291667,11.42333333,29.1525,29.9425,33975,
06-09-17,0.401666667,10,12.98375,8.464166667,69.07125,8.285416667,28.37875,30.03208333,27330,
07-09-17,0.140833333,10,14.16333333,8.740833333,66.21166667,6.989583333,28.43375,30.08958333,29592,
08-09-17,0.12875,10,17.48,10.20666667,63.54458333,4.391666667,29.4075,30.20541667,33204,
09-09-17,0.069166667,10,17.80916667,12.025,69.91041667,8.78625,29.53791667,30.33916667,34158,
10-09-17,0,10,16.19583333,8.945,64.22666667,6.70125,29.56083333,30.36166667,35197,
11-09-17,0,10,16.32125,10.51375,66.07833333,7.45,29.3925,30.19,29472,
12-09-17,0.215833333,10,19.16666667,12.45041667,65.86375,10.46791667,29.10875,29.89875,23176,
13-09-17,0.98875,9.18875,18.62625,16.75541667,86.72291667,3.61375,28.98041667,29.77166667,9515,
14-09-17,0.443333333,8.31625,20.14875,16.76458333,79.65125,2.326666667,29.12083333,29.91208333,25236,
15-09-17,0.088333333,9.125,22.33,16.68041667,71.49416667,5.1675,29.23166667,30.0225,30593,
16-09-17,0.133333333,9.24,23.42875,17.27541667,68.68708333,4.11125,29.28708333,30.07833333,26555,
17-09-17,0.52125,9.453333333,23.16041667,18.64166667,74.32708333,4.84625,29.28791667,30.07958333,23697,
18-09-17,0.677083333,8.99625,23.44166667,19.57208333,79.53958333,5.130833333,29.23291667,30.02333333,21443,
19-09-17,0.51,9.53875,21.64791667,19.59833333,86.48416667,1.03125,29.14333333,29.93458333,16174,
20-09-17,0.042916667,8.728333333,25.47416667,20.47333333,75.71416667,6.475,29.14166667,29.93166667,27582,
21-09-17,0.072916667,9.078333333,26.6575,21.7075,73.75791667,3.600833333,29.23291667,30.02291667,24996,
22-09-17,0.1975,9.911666667,25.98416667,20.10208333,69.63541667,2.837083333,29.27333333,30.06458333,22893,
23-09-17,0.0975,9.526666667,25.91458333,19.76125,68.6,2.17375,29.27791667,30.06833333,28183,
24-09-17,0.042916667,9.905,24.785,17.09375,62.0875,3.077916667,29.25916667,30.05083333,29165,
25-09-17,0.1275,9.96,24.715,16.48,59.975,2.286666667,29.195,29.985,24911,
26-09-17,0.145,10,25.25041667,17.73666667,63.78166667,5.06875,29.18375,29.97375,26371,
27-09-17,0.139583333,10,19.49291667,12.94625,65.85,9.742916667,29.30166667,30.09416667,21979,
28-09-17,0.092916667,9.96,15.38333333,9.590833333,65.99583333,4.775416667,29.375,30.17333333,32424,
29-09-17,0.018333333,9.996666667,16.25708333,8.042083333,58.56625,7.206666667,27.38666667,30.21625,31786,
30-09-17,0,10,14.02916667,6.115416667,49.89041667,5.984166667,21.68125,30.34541667,32979,
01-10-17,0.08125,10,15.94916667,6.520833333,56.32583333,7.777916667,29.38291667,30.17958333,29982,
02-10-17,0.375,10,21.77,11.54041667,55.06666667,8.826666667,29.38041667,30.17875,23899,
03-10-17,0.724166667,9.942083333,21.27208333,18.3375,82.43041667,9.904166667,29.50666667,30.30666667,10099,
04-10-17,0.92,9.859166667,21.53208333,19.70916667,86.56708333,6.083333333,29.49291667,30.29333333,7416,
05-10-17,0.893333333,8.0425,19.56125,18.58833333,90.17625,4.45125,29.35083333,30.14833333,7536,
06-10-17,0.945833333,8.099583333,20.76,19.44291667,92.61416667,6.075416667,29.17083333,29.96166667,5239,
07-10-17,0.394166667,9.7,20.89583333,16.35875,77.64375,15.0775,28.92208333,29.70958333,19562,
08-10-17,0.425,8.662916667,18.60416667,13.17541667,74.32125,5.33625,29.00375,29.79458333,27449,
09-10-17,0.362083333,8.140833333,20.68666667,16.2175,79.43041667,2.373333333,29.13333333,29.92416667,23026,
10-10-17,0.937916667,7.194583333,20.55791667,18.02166667,86.89541667,7.935,29.21791667,30.01125,11687,
11-10-17,1,4.382916667,15.02541667,14.60833333,97.64916667,9.023333333,29.25375,30.04791667,3423,
12-10-17,0.734583333,5.661666667,14.74125,13.96833333,95.30583333,2.739583333,29.34791667,30.14291667,7357,
13-10-17,0.34625,8.425416667,17.31125,13.19291667,79.01875,6.48625,29.33541667,30.13125,27741,
14-10-17,0.41,10,22.97708333,17.155,71.27125,11.05666667,29.17583333,29.96583333,21437,
15-10-17,0.94375,9.601666667,14.36583333,10.22291667,76.6625,15.04916667,29.28541667,30.08041667,9210,
16-10-17,0.005833333,10,11.07625,4.829166667,68.99083333,6.35625,29.50291667,30.30291667,30306,
17-10-17,0.005833333,10,12.91,5.375,63.655,8.981666667,29.44666667,30.24666667,30038,
18-10-17,0,10,13.76625,6.940416667,67.45208333,8.708333333,29.36125,30.15791667,29589,
19-10-17,0,9.786666667,16.62875,10.99958333,72.12708333,2.5825,29.36416667,30.16041667,27093,
20-10-17,0,9.92,17.28416667,10.27666667,67.68458333,6.431666667,29.35875,30.15458333,25673,
21-10-17,0.167083333,10,18.72791667,13.06208333,70.61583333,10.4225,29.28791667,30.08,14594,
22-10-17,0.855,8.28875,16.745,14.1775,85.58041667,14.22583333,29.19083333,29.98208333,5244,
23-10-17,0.917916667,8.924166667,11.90291667,10.98916667,93.82,11.40916667,28.9825,29.77166667,3190,
24-10-17,0.89125,9.447083333,7.36125,5.283333333,86.94125,12.64541667,28.97791667,29.76541667,5427,
25-10-17,0.226666667,10,5.873333333,2.892916667,82.33125,5.555,29.03791667,29.82791667,13737,
26-10-17,0.011666667,10,10.58875,5.315,72.74291667,9.60625,28.96666667,29.75666667,27465,
27-10-17,0.893333333,10,5.793333333,0.04125,67.36458333,13.62291667,29.08041667,29.87041667,15797,
28-10-17,0.992916667,9.6675,3.43125,-0.111666667,77.86625,9.67125,29.14583333,29.93708333,6400,
29-10-17,0.576666667,10,4.955833333,-0.89625,67.57625,5.533333333,29.07208333,29.86208333,8537,
